"","State","Year","BDPRP","CLPRB","ENPRP","GETCB","HYTCB","NCPRB","NGMPB","NUETB","PAPRB","REPRB","SOTCB","TEPRB","TETCB","WDEXB","WDPRB","WDTCB","WSTCB","WWPRB","WYTCB","emissions","numInvestments","assistance"
"1","AK",2015,21.84,17747,23720.058432,186,14621,16298,380887,168290.108,1007501,23807,3,1429942,614242,1395.604,6865,6865,622,7488,1488,35.0278036,16,3345612
"2","AK",2016,27.3,13942,23814.938665728,186,15317,17081,369865,168963.268432,1026401,25155,14,1435363,593662,1401.186416,7636,7636,412,8048,1563,33.40561066,14,2247734
"3","AK",2017,27.3,14365,23910.1984203909,186,15143,16655,382940,169639.121505728,1033270,23620,20,1454196,601492,1406.791161664,6501,6501,436,6937,1305,33.72913017,18,13509662
"4","AK",2018,16.38,13752,24005.8392140725,186,15151,16777,375279,170317.677991751,997415,24158,28,1410604,604644,1412.41832631066,6910,6910,456,7366,1411,34.51458857,44,18236626
"5","AK",2019,4164.53856,14867,24101.8625709288,186,14456,15951,364363,170998.948703718,968358,22754,40,1370342,605689,1418.0679996159,6418,6418,386,6803,1270,34.25944031,32,13734021
"6","AL",2015,1943.76,331420,24198.2700212125,141,91902,92144,182481,438728,55421,258955,101,1267004,1917138,1423.74027161436,163313,163313,1565,164877,45331.964,119.2008893,164,1864412
"7","AL",2016,1916.46,247632,24295.0631012973,141,64484,65056,176290,417334,46417,230734,431,1118407,1922727,1429.43523270082,162166,162166,1606,163772,45513.291856,113.9837834,129,1206793
"8","AL",2017,1594.32,326748,24392.2433537025,141,85103,87057,159686,446097,39100,258549,1812,1230179,1904206,1137,168195,167058,1712,169907,45695.345023424,108.5943783,104,2414699
"9","AL",2018,1659.84,370533,24489.8123271173,141,101447,105013,149607,412584,33591,279560,3425,1245875,1956413,4462,171215,166753,1680,172895,45878.1264035177,112.3554714,75,1844186
"10","AL",2019,1501.5,350506,24587.7715764258,141,101563,105332,138425,455865,27687,278142,3628,1250624,1926332,5308,169739,164431,1577,171316,46061.6389091318,106.2507516,54,840218
"11","AR",2015,4449.9,1819,24686.1226627315,808,33261,34194,1031466,144716,35611,117840,124,1331452,1062359,1435.15297363162,75417,75417,3799,79217,46245.8854647683,59.05336455,477,13453887
"12","AR",2016,5405.4,974,24784.8671533824,808,32958,34139,839485,140370,31580,115419,372,1127828,1053706,1440.89358552615,70786,70786,5118,75904,46430.8690066274,62.12624984,703,4637664
"13","AR",2017,6792.24,832,24884.006621996,808,27117,28367,708482,132736,30263,116692,442,989005,1057701,5455,77206,71751,4359,81565,46616.5924826539,64.17625679,469,2069460
"14","AR",2018,9544.08,310357.992,24983.5426484839,808,27392,30317,600455,132996,28553,126121,2117,888125,1116757,8489,82077,73588,4228,86305,46803.0588525845,70.78614615,414,79970512
"15","AR",2019,8632.26,311599.423968,25083.4768190779,808,36819,39884,534585,141750,27538,133513,2256,837386,1096477,8833,81001,72168,4040,85041,46990.2710879948,65.07220242,302,60034678
"16","AZ",2015,10.92,146450,3683.568,345,60906,113693,99,340153,212,128954,48229,615867,1495858,1446.65715986825,8001,8001,658,8659,4213,94.97878443,65,1724853
"17","AZ",2016,54.6,116678,3440.976,345,66173,124372,49,338636,46,138522,52854,593930,1524720,1452.44378850773,7481,7481,465,7946,5000,90.85562563,54,2053339
"18","AZ",2017,4181.19671424,134024,3686.76,345,62942,134856,58,338246,74,149493,66318,621896,1531479,1458.25356366176,7541,7541,512,8053,5251,90.47614096,46,1714281
"19","AZ",2018,4197.92150109696,140759,3779.328,345,63566,139517,44,325122,57,156071,70779,622052,1542208,1464.08657791641,9307,9307,489,9796,4827,94.09550866,48,539053
"20","AZ",2019,4214.71318710135,82222,1694.952,345,55251,133794,68,333312,40,148194,73262,563836,1556416,1469.94292422807,10949,10949,425,11374,4937,92.53702529,29,95135122
"21","CA",2015,4078.62,312845.821663872,14842.8,112878,128681,567365,271086,193529,1150741,737527,211839,2352883,7525491,1475.82269592498,98852,98852,40708,139561,113967,351.408516,1023,30077512
"22","CA",2016,5902.26,314097.204950527,15056.664,107912,267194,767360,234094,197754,1064744,929692,267538,2426284,7647955,1481.72598670868,89236,89236,40332,129568,124715,353.3561319,848,59755992
"23","CA",2017,5465.46,315353.59377033,16122.792,108637,390292,957430,240221,187227,992385,1122218,340363,2542051,7766193,1487.65289065552,87833,87833,42714,130548,118138,356.5165476,786,30392556
"24","CA",2018,5978.7,316615.008145411,16502.64,108445,239714,857451,228906,190422,916715,1026274,381618,2362317,7865156,1493.60350221814,90644,90644,42714,133358,127674,358.5947178,749,28208367
"25","CA",2019,5520.06,317881.468177993,14785.344,99329,341549,968843,220789,168799,890882,1140051,405654,2420522,7790111,1499.57791622701,98358,98358,40974,139332,122311,358.1643733,609,158244985
"26","CO",2015,4231.57203984975,403605,11104.968,759,15098,91789,1965188,171682.944498533,698737,126586,6270,3194117,1501006,1505.57622789192,13804,13804,1133,14936,69662,91.30387161,206,1658730
"27","CO",2016,4248.49832800915,270920,10894.296,759,17565,114808,1981005,172369.676276527,663969,149600,9509,3065494,1470307,1511.59853280349,14233,14233,1098,15331,86977,88.42427593,258,1800615
"28","CO",2017,4265.49232132119,320001,11098.584,759,17479,118027,2028824,173059.154981633,744780,153379,13973,3246984,1477307,1517.6449269347,14434,14434,1090,15524,85816,88.77624019,181,1385451
"29","CO",2018,4282.55429060647,293149,11034.744,759,16618,121433,2217310,173751.39160156,966448,156998,15336,3633905,1527222,1523.71550664244,14728,14728,1102,15831,88720,90.06168948,142,29876375
"30","CO",2019,4299.6845077689,270466,10492.104,759,16127,130306,2394039,174446.397167966,1096198,167095,16780,3927798,1566652,1529.81036866901,16968,16968,1095,18063,96640,91.72734664,96,10796826
"31","CT",2015,720.72,319152.994050705,25183.8107263542,21,2819,5792,686990.076,182083,353177.084,33234,2952,215318,756746,1535.92961014369,15661,15661,11067,26728,47178.2321723468,36.32904924,33,1340702
"32","CT",2016,1501.5,320429.606026907,25284.5459692596,21,2069,6336,689738.036304,173363,354589.792336,34249,4128,207612,724686,1542.07332858426,14933,14933,11485,26418,118,34.09544003,28,962061
"33","CT",2017,1386.84,321711.324451015,25385.6841531366,21,3060,8284,692496.988449216,172570,356008.151505344,32888,5086,205458,728349,1548.2416218986,12683,12683,10543,23225,117,33.8574222,40,788599
"34","CT",2018,2309.58,322998.169748819,25487.2268897492,21,5056,11668,695266.976403013,176496,357432.184111365,37572,6480,214068,756159,1554.43458838619,13893,13893,9715,23608,112,37.38424068,21,1486681
"35","CT",2019,2369.64,324290.162427814,25589.1757973082,21,3811,11485,698048.044308625,174730,358861.912847811,37172,7545,211902,735517,1560.65232673974,14328,14328,9000,23328,109,36.63166173,19,1306178
"36","DE",2015,4316.88324579998,325587.323077526,25691.5325004974,430,51148.96,1708,700840.236485859,175144.182756638,360297.360499202,3517,1230,3517,284672,1566.8949360467,1044,1044,765,1809,48,13.9053954,68,1452666
"37","DE",2016,4334.15077878318,326889.672369836,25794.2986304994,430,51353.55584,1612,703643.597431803,175844.759487664,361738.549941199,3105,1133,3105,280937,1573.16251579088,825,825,667,1493,49,14.41948129,38,502817
"38","DE",2017,4351.48738189831,328197.231059315,25897.4758250214,430,51558.97006336,1830,706458.17182153,176548.138525615,363185.504140964,3269,1354,3269,280044,1579.45516585405,748,748,692,1439,46,13.76698515,65,1636426
"39","DE",2018,4368.8933314259,329510.019983552,26001.0657283215,430,51765.2059436134,1969,709284.004508816,177254.331079717,364638.246157528,3389,1492,3389,300567,1585.77298651746,739,739,680,1419,47,13.98931001,32,824222
"40","DE",2019,4386.3689047516,330828.060063487,26105.0699912348,430,51972.2667673879,2105,712121.140526851,177963.348404036,366096.799142158,3611,1628,3611,298616,1592.11607846353,789,789,716,1506,47,13.58957516,40,1485254
"41","FL",2015,649.74,332151.37230374,26209.4902711997,10056,2277,42466,1162,294099,12623,223761,30133,531646,4324701,1598.48454277739,111608,111608,69043,180650,47366.9451010362,237.3833592,45,3527420
"42","FL",2016,562.38,333479.977792955,26314.3282322845,10056,1611,42513,1062,306658,11066,223405,30846,542192,4362567,9939,108866,98926,71468,180333,47556.4128814403,238.8326956,72,4068360
"43","FL",2017,857.22,334813.897704127,26419.5855452137,10056,2011,50264,1048,304840,11005,236674,38197,553568,4345055,9840,109274,99435,76280,185555,47746.6385329661,238.4284129,56,1239122
"44","FL",2018,1829.1,336153.153294944,26525.2638873945,10056,2117,65529,1123,306461,10493,247001,53356,565077,4441047,11096,110027,98931,69626,179653,47937.625087098,242.0091133,62,49550089
"45","FL",2019,922.74,337497.765908124,26631.3649429441,10056,1869,80308,1295,303946,11037,248107,68383,564385,4371666,11065,108140,97075,58739,166879,48129.3755874464,233.5527795,53,52936642
"46","GA",2015,1250.34,338847.756971756,7450.128,315,27804,30579,714969.625088959,353883,367561.186338726,269514,2461,623396,2978591,1604.8784809485,195948,195948,28423,224371,48321.8930897961,145.6756383,247,6155856
"47","GA",2016,1779.96,340203.147999643,8618.4,315,31137,41707,717829.503589315,360633,369031.431084081,282334,10256,642967,2951822,15655,212606,196951,10855,223461,48515.1806621553,144.537737,222,20155611
"48","GA",2017,1747.2,341563.960591642,8075.76,315,22201,43232,720700.821603672,352560,370507.556808417,275016,20716,627576,2925877,17323,207534,190211,8082,215617,48709.241384804,141.8352401,185,2884817
"49","GA",2018,1386.84,342930.216434008,7702.296,315,33656,54929,723583.624890087,359262,371989.587035651,288295,20958,647556,3003699,19163,211205,192042,7007,218212,48904.0783503432,141.9209237,192,7882488
"50","GA",2019,1092,344301.937299744,8912.064,315,35230,57849,726477.959389647,350759,373477.545383794,301842,22304,652601,2955875,19523,220438,200915,6568,227006,49099.6946637445,136.4670209,191,2374660
"51","HI",2015,382.2,345679.145048943,26737.8904027159,2154,1129,17353,729383.871227206,178675.201797652,374971.455565329,24957,8360,24957,298992,1611.29799487229,38,38,7182,7220,5710,19.7810368,16,1033143
"52","HI",2016,453.18,347061.861629139,26844.8419643267,2409,839,18961,732301.406712114,179389.902604843,376471.34138759,27593,9813,27593,300390,1617.74318685178,35,35,8146,8181,5900,19.81846857,18,429104
"53","HI",2017,480.48,348450.109075656,26952.221332184,2980,609,21070,735230.612338963,180107.462215262,377977.226753141,26964,12579,26964,308376,1624.21415959919,106,106,5310,5415,4902,20.43258289,14,1467132
"54","HI",2018,513.24,349843.909511958,27060.0302175128,1010,879,20439,738171.534788319,180827.892064123,379489.135660153,26299,13070,26299,306342,1630.71101623758,94,94,5257,5351,5480,20.30121291,22,5818783
"55","HI",2019,485.94,351243.285150006,27168.2703383828,8,842,19884,741124.220927472,181551.20363238,381007.092202794,25273,14320,25273,307764,1637.23386030253,94,94,4812,4905,4714,20.51554679,14,329849
"56","IA",2015,31460.52,352648.258290606,300233.136,1281,8948,177203,744088.717811182,54836,382531.120571605,766862,419,821698,1507520,1643.78279574374,6967,6967,14458,21425,166555,77.41573961,198,5552396
"57","IA",2016,38607.66,354058.851323768,306377.736,1281,8464,195637,747065.072682427,49185,384061.245053891,801820,587,851005,1534622,1650.35792692672,6107,6107,14417,20524,185305,73.98337008,149,4220545
"58","IA",2017,37182.6,355475.086729063,320981.136,1281,9526,208620,750053.332973156,54528,385597.490034107,837092,905,891620,1572298,1656.95935863443,5936,5936,12140,18077,196907,76.30357904,179,6233820
"59","IA",2018,47447.4,356896.98707598,332079.72,1281,8420,205217,753053.546305049,51181,387139.879994243,865784,1291,916965,1633531,1663.58719606896,7254,7254,12166,19420,194225,82.42756253,239,8883799
"60","IA",2019,44460.78,358324.575024284,332398.92,1281,7091,244222,756065.760490269,54671,388688.43951422,901961,1604,956633,1645247,1670.24154485324,8298,8298,12031,20330,234246,77.29621466,120,3041432
"61","ID",2015,4403.91438037061,359757.873324381,4960.368,2207,81603,105046,1192,182277.408446909,172,153503,81,154866,540252,1676.92251103265,32130,32130,7455,39585,21156,18.03591394,108,1895904
"62","ID",2016,4421.53003789209,361196.904817678,5155.08,2167,83395,109756,5208,183006.518080697,1230,151509,390,157946,540164,1683.63020107678,31050,31050,1497,32547,23804,18.3418212,127,1317624
"63","ID",2017,4439.21615804366,362641.692436949,5244.456,2280,98306,128436,4192,183738.54415302,521,173010,4405,177723,557104,1690.36472188109,33266,33266,1941,35206,23444,18.70279024,88,988061
"64","ID",2018,4456.97302267584,364092.259206697,5212.536,2259,100366,132184,2113,184473.498329632,502,178935,5388,181550,556467,1697.12618076861,36036,36036,1391,37427,24172,19.04276093,89,1198524
"65","ID",2019,4474.80091476654,365548.628243524,5014.632,2354,92017,122586,1139,185211.39232295,125,169244,5500,170508,565998,1703.91468549169,36240,36240,1471,37711,22715,20.08591692,60,910270
"66","IL",2015,19180.98,1252879,118301.904,2042,1160,105293,2210,1017377,54426,355359,1938,2682250,3920125,1710.73034423366,8185,8185,11225,19411,100154,219.157681,57,2533998
"67","IL",2016,18689.58,977131,131120.976,2042,1226,103746,2317,1031331,49432,375139,2033,2435349,3925630,1717.57326561059,7597,7597,10995,18592,98445,207.4305588,36,1325335
"68","IL",2017,17799.6,1079624,126237.216,2042,1153,118502,2260,1016522,47581,378606,2285,2524593,3890442,1724.44355867303,7430,7430,9450,16880,113023,205.9749865,32,1262924
"69","IL",2018,18422.04,1095887,116345.208,2042,1334,114443,2596,1025651,48045,359817,2739,2531996,4017644,1731.34133290772,8890,8890,10065,18955,108328,213.1001319,64,5112413
"70","IL",2019,17450.16,1014448,112549.92,2042,1103,135410,2279,1030996,46969,372731,3503,2467422,3951620,1738.26669823936,9268,9268,9841,19109,128763,203.43232,84,11321378
"71","IN",2015,11897.34,776493,80358.6,4647,3553,51990,7446,185952.237892242,12686,242141,1714,1038766,2826490,1745.21976503231,18061,18061,16538,34599,42077,187.2335142,68,2525723
"72","IN",2016,13043.94,654493,86187.192,4647,3935,56205,6441,186696.046843811,10397,257458,2391,928789,2777075,1752.20064409244,17951,17951,16378,34328,45232,181.8275677,45,11391681
"73","IN",2017,12776.4,713397,87687.432,4647,2820,57387,6168,187442.831031186,10181,260439,3032,990185,2674436,1759.20944666881,17548,17548,16148,33696,46889,175.8904931,46,4052088
"74","IN",2018,12694.5,781628,90371.904,4647,2027,59866,5292,188192.602355311,9609,271248,3693,1067776,2806168,1766.24628445549,20797,20797,16323,37120,49500,189.2161684,59,5700232
"75","IN",2019,11493.3,712235,80237.304,4647,2280,66440,5306,188945.372764732,8997,257250,4160,983789,2779091,1773.31126959331,20438,20438,15754,36192,55354,176.1079655,52,1593785
"76","KS",2015,289.38,4387,37014.432,974,177,103733,318548,90254,260015,177374,87,850580,1101677,1780.40451467168,4487,4487,2671,7158,102495,64.51256023,120,2548830
"77","KS",2016,169.26,617,37837.968,974,282,131653,281646,86245,217116,205800,125,791424,1092806,1787.52613273037,3973,3973,2418,6391,130272,62.60936987,130,1440764
"78","KS",2017,147.42,367010.822756498,38814.72,974,269,172818,257200,111367,205026,248533,231,822127,1075697,1794.67623726129,3566,3566,2664,6230,171344,59.03202784,110,1454281
"79","KS",2018,70.98,368478.866047524,39982.992,974,241,173694,237402,95854,198084,253321,345,784661,1136232,1801.85494221034,4874,4874,3171,8046,172134,62.85277614,67,1041662
"80","KS",2019,3265.08,369952.781511714,40940.592,974,182,189733,212665,96565,189202,273764,471,772196,1129559,1809.06236197918,4777,4777,2947,7724,188105,60.4526702,43,992149
"81","KY",2015,4548.18,1486019,2081.184,2712,31717,34627,108080,189701.154255791,16362,75319,198,1685780,1730308,1816.29861142709,30971,30971,1475,32445,49296.0934423995,131.3429697,129,315635700
"82","KY",2016,5683.86,1041121,2259.936,2712,32108,35186,102591,190459.958872815,14849,76971,366,1235531,1704124,1823.5638058728,30577,30577,1514,32092,49493.2778161691,126.8081795,76,2257870
"83","KY",2017,6016.92,1015108,2275.896,2712,41514,44707,101295,191221.798708306,14176,89649,481,1220228,1662333,1830.85806109629,33288,33288,1600,34889,49691.2509274338,116.7819997,99,1948714
"84","KY",2018,5874.96,955471,2234.4,2712,40220,43651,96085,191986.685903139,12924,90231,719,1154710,1744818,1838.18149334068,34301,34301,2435,36736,49890.0159311435,122.771335,77,2944583
"85","KY",2019,5874.96,852990,2694.048,2712,37682,41221,89339,192754.632646752,14273,89293,827,1045895,1723238,1845.53421931404,34506,34506,2908,37414,50089.5759948681,115.3817286,63,1092217
"86","LA",2015,4492.70011842561,46879,27276.9434197364,1842,9310,12672,1916410,160015,364396,132249,1521,2619950,3911919,1852.9163561913,106587,106587,12990,119577,50289.9342988476,185.5592561,61,2312261
"87","LA",2016,4510.67091889931,38499,27386.0511934153,1842,10183,13876,1893803,179391,328643,154742,1851,2595078,4030644,6011,128495,122484,12371,140865,50491.094036043,189.1398596,98,1499474
"88","LA",2017,4528.71360257491,27892,27495.595398189,1842,8349,12149,2238355,161171,295015,142086,1958,2864519,4208312,5951,116924,110973,13013,129937,50693.0584121871,193.3738211,71,1216601
"89","LA",2018,4546.8284569852,20436,27605.5777797817,1842,10741,14773,2942607,179330,274413,143245,2189,3560031,4245610,6711,113857,107146,14615,128472,50895.8306458359,194.74322,86,764829
"90","LA",2019,4565.01577081315,21251,27716.0000909008,1842,12161,16254,3330380,145993,261527,133669,2251,3892819,4282045,6692,102895,96203,14520,117414,51099.4139684192,194.892652,67,250695185
"91","MA",2015,38.22,371432.592637761,27826.8640912644,859,7709,23103,759090.02353223,52236,390243.193272277,62787,12535,115022,1468270,1860.32802161606,20876,20876,18772,39648,2000,66.74652168,34,4240538
"92","MA",2016,54.6,372918.323008312,27938.1715476295,859,6578,26927,762126.383626359,56628,391804.166045366,65616,17495,122244,1426034,1867.76933370253,18928,18928,19705,38633,1995,64.08973529,35,841616
"93","MA",2017,109.2,374409.996300345,28049.92423382,859,9558,34093,765174.889160865,52788,393371.382709548,68467,21532,121256,1431083,1875.24041103734,14920,14920,19345,34264,2143,64.71316897,44,5852232
"94","MA",2018,109.2,375907.636285546,28162.1239307553,859,10320,41368,768235.588717508,46437,394944.868240386,75295,28177,121731,1469311,1882.74137268149,14310,14310,19505,33816,2012,64.10739497,46,3360964
"95","MA",2019,92.82,377411.266830688,28274.7724264783,859,8687,40935,771308.531072378,22734,396524.647713348,74190,29511,96924,1464995,1890.27233817221,16238,16238,16923,33161,1877,63.32557454,30,1860604
"96","MD",2015,4583.2758338964,45587,28387.8715161842,570,15127,24122,40,153140,398110.746304201,47614,4375,246381,1424201,1897.8334275249,14425,14425,9067,23492,4050,62.28032684,100,1890491
"97","MD",2016,4601.60893723198,37859,28501.423002249,570,12853,25123,36,154377,399703.189289418,48237,6834,240509,1386648,1905.424761235,14188,14188,8927,23115,4866,60.46760995,65,1349074
"98","MD",2017,4620.01537298091,42804,28615.428694258,570,18108,33197,34,158004,401302.002046575,55339,9348,256180,1346703,1913.04646027994,12954,12954,9188,22142,5172,55.040273,48,6343700
"99","MD",2018,4638.49543447284,30464,28729.890409035,570,25772,42987,14,156699,402907.210054762,65963,11456,253139,1391698,1920.69864612106,14204,14204,8772,22975,5189,61.68531518,61,2306029
"100","MD",2019,4657.04941621073,34661,28844.8099706711,570,19485,37802,14,156765,404518.838894981,55557,13115,246996,1355227,1928.38144070554,10199,10199,7556,17755,4633,56.87149823,73,1428319
"101","ME",2015,43.68,378920.911898011,28960.1892105538,72,31317,43787,774393.765196668,193525.651177339,406136.914250561,161418,323,161418,424754,1936.09496646837,113815,113815,3773,117588,12075,16.67908857,74,2818563
"102","ME",2016,60.06,380436.595545603,29076.029967396,72,27693,43575,777491.340257454,194299.753782048,407761.461907563,141943,418,141943,392025,1943.83934633424,94739,94739,3570,98309,15391,16.15310799,41,795948
"103","ME",2017,54.6,381958.341927786,29192.3340872656,72,31221,53363,780601.305618484,195076.952797176,409392.507755193,148038,577,148038,384730,1951.61470371958,91105,91105,3515,94619,21493,15.37643854,42,2223059
"104","ME",2018,54.6,383486.175295497,29309.1034236147,72,29689,52233,783723.710840958,195857.260608365,411030.077786214,149435,765,149435,388172,1959.42116253446,93851,93851,3295,97146,21707,14.76307256,41,2491389
"105","ME",2019,49.14,385020.119996679,29426.3398373091,72,31162,54339,786858.605684322,196640.689650798,412674.198097359,148456,897,148456,384261,1967.25884718459,91222,91222,2848,94070,22208,14.42640502,41,1093090
"106","MI",2015,715.26,386560.200476666,21427.896,5193,13971,64720,114061,306773,37504,223234,853,681571,2826679,1975.12788257333,98215,98215,21266,119481,44702,164.4556231,76,3049845
"107","MI",2016,1304.94,388106.441278572,21782.208,5193,14442,64076,108450,329999,32266,216674,1089,687389,2806190,1983.02839410363,90056,90056,22336,112392,43351,154.5188531,61,1293489
"108","MI",2017,1277.64,389658.867043687,26040.336,5193,15468,70181,102619,338675,31597,225919,1692,698809,2798055,1990.96050768004,85599,85599,22352,107951,47827,155.6806782,37,1287282
"109","MI",2018,1692.6,391217.502511861,27435.24,5193,14286,71467,95841,318655,31058,237163,2304,682717,2911393,1998.92434971076,92197,92197,22748,114945,49683,163.7174435,56,936266
"110","MI",2019,1348.62,392782.372521909,26129.712,5193,14691,74520,90423,343639,29493,233688,2758,697242,2880159,2006.9200471096,92140,92140,19054,111194,51878,159.2399805,65,2360732
"111","MN",2015,7802.34,394353.502011996,88475.856,1075,7912,100589,790006.040107059,125900,414324.894889748,345949,473,471848,1813635,2014.94772729804,65241,65241,14129,79370,91129,89.33099915,119,3292766
"112","MN",2016,9620.52,395930.916020044,89120.64,1075,11157,104583,793166.064267487,144970,415982.194469307,351303,645,496273,1838918,2023.00751820723,63244,63244,14720,77964,91706,91.10054342,92,16796366
"113","MN",2017,9030.84,397514.639684125,91000.728,1075,11587,121517,796338.728524557,145426,417646.123247184,363504,6247,508930,1862210,2031.09954828006,56284,56284,14153,70437,102608,91.27720044,74,2726558
"114","MN",2018,9822.54,399104.698242861,93164.904,1075,9591,118640,799524.083438655,152657,419316.707740173,366439,10437,519096,1940174,2039.22394647318,58812,58812,12585,71397,97537,94.75605009,154,55322766
"115","MN",2019,9238.32,400701.117035832,96101.544,1075,9404,120386,802722.17977241,147280,420993.974571134,366164,12265,513444,1900531,2047.38084225908,56250,56250,8843,65093,97642,92.08969013,140,29572563
"116","MO",2015,17674.02,3178,20767.152,352,14864,26386,1,109182,852,105635,1542,218848,1831407,2055.57036562811,22108,22108,2417,24526,9627,124.7473311,619,7036095
"117","MO",2016,21141.12,5125,21214.032,352,11711,24297,1,98630,704,105876,1876,210336,1781656,2063.79264709062,20211,20211,2441,22652,10357,119.0157079,520,10631411
"118","MO",2017,22200.36,5321,21794.976,352,10886,32395,1,86853,664,116838,2433,209676,1742207,2072.04781767899,19183,19183,4235,23417,18724,124.5052275,316,4957942
"119","MO",2018,27605.76,5654,21823.704,352,7542,36681,1,111401,548,131345,2980,248948,1860863,2080.3360089497,24807,24807,3355,28161,25807,124.7805316,185,3637928
"120","MO",2019,25765.74,4227,21057.624,352,19733,49069,1,95961,484,140354,3534,241027,1805708,2088.6573529855,24120,24120,3946,28066,25450,116.985714,177,3478408
"121","MS",2015,1905.54,34528,2243.976,958,52180.1558344574,988,60476,122511,142485,60419,29,420420,1085042,2097.01198239744,51479,51479,2042,53521,51303.8116242929,61.29692129,403,3710526
"122","MS",2016,8048.04,32349,3769.752,958,52388.8764577953,1031,50418,61680,116649,78133,73,339228,1071689,9243,60285,51042,2081,62366,51509.0268707901,62.31469737,608,96309030
"123","MS",2017,6764.94,32019,3827.208,958,52598.4319636265,1861,39719,77027,101772,71032,903,321569,1068298,7511,53355,45845,2243,55599,51715.0629782732,60.46289527,379,2686540
"124","MS",2018,8452.08,31979,3801.672,958,52808.825691481,4039,36499,72343,96734,76639,3080,314194,1105822,8301,55962,47660,1432,57394,51921.9232301863,63.23252555,469,3767073
"125","MS",2019,5842.2,28423,29544.0451966584,958,53020.0609942469,3966,34280,115202,96171,66401,3007,340476,1093230,8278,55062,46784,1563,56625,52129.6109231071,62.54458802,269,2609443
"126","MT",2015,4675.67761387557,746222,29662.221377445,337,92144,110876,55943,197427.252409401,163249,125018,85,1090432,403641,2105.40003032703,13759,13759,383,14143,18309,32.53164542,94,896759
"127","MT",2016,5.46,572787,29780.8702629548,337,93082,113287,52130,198216.961419039,132625,128095,110,885637,406422,2113.82163044834,14414,14414,392,14805,19758,31.13795175,90,2257495
"128","MT",2017,4694.38032433107,624772,29899.9937440066,337,100850,121314,50821,199009.829264715,118586,136249,275,930429,422863,2122.27691697013,14543,14543,389,14933,19852,31.25081171,93,1091494
"129","MT",2018,4713.1578456284,684031,30019.5937189826,337,103828,124266,47712,199805.868581774,123027,143018,497,997789,436316,2130.76602463802,18334,18334,417,18751,19604,31.25796736,114,2449554
"130","MT",2019,4732.01047701091,608890,30139.6720938586,337,89090,111051,47967,200605.092056101,130946,129217,489,917020,445912,2139.28908873657,17772,17772,393,18165,21135,32.28539515,61,618074
"131","NC",2015,256.62,402303.921503976,30260.230782234,967,44191,59028,805933.0684915,440248,422677.950469418,170008,13870,610256,2595919,2147.84624509151,101592,101592,9132,110724,52338.1293667995,124.7782841,232,202376181
"132","NC",2016,425.88,403913.137189992,30381.2717053629,967,40779,75202,809156.800765466,447500,424368.662271296,199520,33397,647020,2619589,17887,114422,96534,9472,123894,58,124.895788,156,190472938
"133","NC",2017,223.86,405528.789738752,30502.7967921844,967,35175,89578,812393.427968528,443192,426066.136920381,215578,49099,658771,2575147,17708,115730,98021,10048,125778,4337,121.1493749,149,235434075
"134","NC",2018,202.02,407150.904897707,30624.8079793531,967,60136,123878,815643.001680402,439915,427770.401468063,248825,57834,688740,2685032,19969,115308,95339,9439,124748,4941,124.2127343,132,141776088
"135","NC",2019,191.1,408779.508517297,30747.3072112705,967,55084,129772,818905.573687123,437683,429481.483073935,254022,69062,691705,2656262,19912,113628,93716,10433,124061,4659,122.6043034,115,126884709
"136","ND",2015,8588.58,392183,27534.192,978,19516,81127,678977,201407.512424326,2456200,141748,7,3669109,608353,2156.43763007188,865,865,1971,2835,60627,57.9230603,16,420940
"137","ND",2016,9298.38,399856,31549.728,978,17652,94079,766865,202213.142474023,2161886,162635,7,3491242,583657,2165.06338059217,1021,1021,1928,2949,75443,54.93206111,24,502584
"138","ND",2017,10439.52,394022,38958.36,978,23789,129426,857330,203021.995043919,2235455,212086,7,3698893,633995,2173.72363411454,839,839,1837,2676,104653,56.92163503,19,477713
"139","ND",2018,9806.16,399835,39076.464,978,28952,127650,993022,203834.083024095,2627271,209189,8,4229317,663153,2182.41852865099,837,837,1057,1894,97712,59.282972,30,520857
"140","ND",2019,9767.94,361946,39603.144,978,28312,129152,1187235,204649.419356191,2949752,211395,11,4710328,683875,2191.1482027656,839,839,1014,1853,99852,57.15288871,18,759349
"141","NE",2015,125.58,410414.626551367,148894.032,1212,15702,46594,504,107976,15419,317158,41,441057,857967,2199.91279557666,2958,2958,1203,4161,29639,50.71057586,247,3396859
"142","NE",2016,3483.48,412056.285057572,156018.576,1212,7906,44275,557,97798,12560,330919,90,441834,870370,2208.71244675897,2843,2843,1663,4506,35067,48.35090988,199,4011050
"143","NE",2017,6328.14,413704.510197802,158849.88,1212,13719,61990,483,72300,11978,355970,220,440731,873303,2217.547296546,2330,2330,1587,3917,46840,47.87762064,263,3743400
"144","NE",2018,5945.94,415359.328238594,158715.816,1212,12582,64686,459,58884,11732,359674,373,430748,909065,2226.41748573219,3394,3394,1811,5205,50519,52.35500953,271,4330170
"145","NE",2019,3172.26,417020.765551548,159973.464,1212,11935,77807,411,72589,10883,371935,446,455818,907219,2235.32315567512,3699,3699,1796,5495,64215,50.47008377,206,2293019
"146","NH",2015,262.08,418688.848613754,30870.2964401156,29,11837,16105,822181.195981872,99186,431199.409006231,61342,292,160528,316649,2244.26444829782,40598,40598,4377,44976,3947,15.27856723,46,1371086
"147","NH",2016,398.58,420363.604008209,30993.7776258761,29,10574,15141,825469.920765799,112551,432924.206642256,56290,547,168841,307290,2253.24150609101,36335,36335,4415,40750,3991,13.81151032,40,3111505
"148","NH",2017,245.7,422045.058424242,31117.7527363796,29,13022,17718,828771.800448862,104493,434655.903468825,59871,875,164364,317785,2262.25447211537,37268,37268,4640,41908,3792,13.51181074,39,1307930
"149","NH",2018,278.46,423733.238657939,31242.2237473251,29,12336,17123,832086.887650658,105195,436394.5270827,56145,1056,161340,325655,2271.30349000383,34988,34988,3758,38747,3702,14.23973227,37,636384
"150","NH",2019,311.22,425428.171612571,31367.1926423144,29,13019,18137,835415.235201261,113890,438140.105191031,56018,1229,169909,319667,2280.38870396385,33945,33945,3624,37569,3859,13.9338009,26,739179
"151","NJ",2015,1195.74,427129.884299021,31492.6614128837,466,89,21721,838756.896142066,347851,439892.665611795,45205,20966,393056,2183497,2289.5102587797,6465,6465,15827,22292,201,103.6600002,47,1130951
"152","NJ",2016,1250.34,428838.403836217,31618.6320585352,466,88,23007,842111.923726634,312569,441652.236274242,46546,22261,359115,2140838,2298.66829981482,5994,5994,16299,22293,192,105.6200444,34,597439
"153","NJ",2017,191.1,430553.757451562,31745.1065867693,466,126,26428,845480.371421541,355948,443418.845219339,45602,25630,401550,2089145,2307.86297301408,3044,3044,15938,18982,207,99.35210038,48,881961
"154","NJ",2018,4750.93851891895,432275.972481368,31872.0870131164,466,324,29225,848862.292907227,334373,445192.520600217,48517,28230,382890,2194123,2317.09442490614,3690,3690,15601,19291,206,105.0688845,20,852979
"155","NJ",2019,4769.94227299463,434005.076371294,31999.5753611689,466,236,32602,852257.742078856,278147,446973.290682617,49363,31705,327510,2098952,2326.36280260576,3303,3303,13457,16761,196,100.8319854,17,314035
"156","NM",2015,4789.02204208661,357525,32127.5736626136,458,927,28119,1436329,205468.017033616,846659,38811,7257,2679324,681082,2335.66825381619,10131,10131,561,10692,19477,50.69183199,50,1126396
"157","NM",2016,4808.17813025495,246549,32256.083957264,499,1366,43741,1422598,206289.88910175,839040,54822,8591,2563009,673638,2345.01092683145,10673,10673,407,11080,33285,48.84541366,28,2015514
"158","NM",2017,4827.41084277597,257710,32385.1082930931,487,1780,57673,1506770,207115.048658157,986514,67408,13076,2818402,684366,2354.39097053878,9312,9312,423,9735,42330,49.62030346,47,5893114
"159","NM",2018,4846.72048614708,200179,32514.6487262654,487,1361,72070,1734539,207943.50885279,1421610,85241,14764,3441568,703100,2363.80853442093,12703,12703,468,13171,55457,45.85390881,22,755535
"160","NM",2019,4866.10736809167,268307,32644.7073211705,885,1409,78715,2068295,208775.282888201,1891645,94063,15047,4322310,738484,2373.26376855862,14994,14994,354,15348,61374,48.94208108,12,1493382
"161","NV",2015,4885.57179756403,435741.096676779,32775.2861504552,30535,21099,72737,4,209610.384019754,1606,75369,18216,76979,697627,2382.75682363285,2346,2346,286,2632,2886,38.5171354,16,790588
"162","NV",2016,4905.11408475429,437484.061063486,32906.387295057,32506,16518,85523,3,210448.825555833,1585,88587,33324,90175,727193,2392.28785092738,2291,2291,773,3064,3175,39.97099675,16,54082
"163","NV",2017,4924.73454109331,439233.99730774,33038.0128442372,31876,16700,94965,3,211290.620858056,1637,98128,43060,99768,757955,2401.85700233109,2320,2320,843,3163,3329,40.20696595,33,311016629
"164","NV",2018,4944.43347925768,440990.933296971,33170.1648956142,33066,17127,101584,3,212135.783341488,1455,105656,48548,107114,776588,2411.46443034041,3273,3273,799,4072,2844,41.38306985,57,535889
"165","NV",2019,4964.21121317471,442754.897030159,33302.8455551966,36359,19966,109226,5,212984.326474854,1527,113331,49969,114864,779141,2421.11028806178,3196,3196,909,4105,2933,41.74259297,22,201782
"166","NY",2015,10.92,444525.916618279,11060.28,1185,242429,288404,17879,466457,1635,409139,7729,895110,3838544,2430.79472921402,67532,67532,33410,100942,37061,174.3599244,104,5040800
"167","NY",2016,4984.06805802741,446304.020284753,12132.792,1185,248232,296467,13942,434791,1287,412994,10674,863014,3768794,2440.51790813088,61123,61123,33736,94858,36376,170.1509065,73,2403723
"168","NY",2017,5004.00433025952,448089.236365892,11768.904,1185,277725,330933,11760,441029,1105,447680,13919,901574,3776092,2450.2799797634,60164,60164,35562,95725,38105,165.8301752,52,789556
"169","NY",2018,5024.02034758056,449881.593311355,10559.136,1185,269752,325023,10994,448718,1261,442993,17686,903967,3946032,2460.08109968246,64730,64730,34356,99086,36401,175.0969653,60,13144827
"170","NY",2019,5044.11642897088,451681.119684601,11232.648,1185,272679,336052,11313,468481,1561,452190,22509,933544,3841948,2469.92142408119,64965,64965,31131,96096,39680,168.9712856,69,30602444
"171","OH",2015,6950.58,417682,43114.344,3435,4256,20579,1171552,181726,152650,164904,1678,2088513,3708157,2479.80110977751,45462,45462,14845,60307,11211,211.1966253,175,2513363
"172","OH",2016,8719.62,309088,44617.776,3435,4619,21425,1647241,175893,123595,166682,1874,2422499,3667777,2489.72031421662,41902,41902,14986,56888,11497,205.3227286,132,775584
"173","OH",2017,9161.88,233560,46517.016,3435,2555,23060,2009410,184997,114517,167037,2435,2709522,3616508,2499.67919547349,36933,36933,14829,51762,14635,205.0608887,118,10274821
"174","OH",2018,8992.62,219942,48298.152,3435,2222,24344,2652291,191483,129954,172901,2755,3366571,3762435,2509.67791225538,38942,38942,14287,53229,15932,208.9666748,52,6168918
"175","OH",2019,7982.52,192413,47669.328,3435,3585,28481,2901090,177624,159327,174087,3269,3604541,3637669,2519.7166239044,38646,38646,13949,52595,18192,196.6865897,44,2756315
"176","OK",2015,3505.32,17422,33436.0569374174,24,24825,155674,2880137,213836.263780754,949416,187199,71,4034174,1625556,2529.79549040002,22227,22227,5812,28038,130754,100.2883311,64,1677872
"177","OK",2016,4488.12,14440,33569.8011651671,24,23758,209175,2864577,214691.608835877,885142,243569,115,4007728,1624919,2539.91467236162,22216,22216,7712,29928,185278,96.1010241,58,1341097
"178","OK",2017,4668.3,12590,33704.0803698278,24,18760,236582,2936597,215550.37527122,949291,274848,382,4173327,1647508,2550.07433105107,28016,28016,5606,33622,217416,93.44516627,41,2449186
"179","OK",2018,4520.88,15121,33838.8966913071,24,18526,268128,3346437,216412.576772305,1140196,308589,691,4810343,1715294,2560.27462837527,30026,30026,5939,35965,248887,98.01036447,23,1495639
"180","OK",2019,4133.22,5153,33974.2522780723,24,34758,293834,3545508,217278.227079394,1228381,332320,734,5111362,1684997,2570.51572688877,28447,28447,5924,34371,258317,90.83789996,13,645165
"181","OR",2015,1190.28,453487.844163339,3022.824,2898,291255,358382,889,218147.339987712,448761.183845348,438941,2430,439830,971766,2580.79778979633,67931,67931,6041,73972,61799,37.89416845,169,6478283
"182","OR",2016,1403.22,455301.795539992,2885.568,2928,318960,391102,848,219019.929347663,450556.228580729,468111,3140,468959,988158,2591.12098095551,64827,64827,5634,70461,66075,37.66506368,162,104123811
"183","OR",2017,1490.58,457123.002722152,3096.24,2839,352802,417834,700,219896.009065054,452358.453495052,501442,4827,502142,1041344,2601.48546487934,70785,70785,5813,76598,57366,38.79038331,129,137275588
"184","OR",2018,1583.4,458951.494733041,3172.848,2837,322671,401773,529,220775.593101314,454167.887309032,486994,8464,487523,1021526,2611.89140673885,72116,72116,5854,77970,67802,39.58013113,96,3286698
"185","OR",2019,1501.5,460787.300711973,2847.264,2884,270017,340834,420,221658.695473719,455984.558858268,426391,9437,426811,1027578,2622.33897236581,73558,73558,5420,78977,58496,41.83917874,75,13382214
"186","PA",2015,3232.32,1278078,7287.336,2162,24264,61427,5119772,842044,40522,200534,3758,7480950,3897610,2632.82832825527,81888,81888,40968,122856,31244,232.9252268,102,4218295
"187","PA",2016,4782.96,1168609,7897.008,2162,21922,60247,5525743,867302,35888,196773,4071,7794315,3762485,2643.35964156829,76880,76880,40781,117661,32093,217.9773815,74,2394977
"188","PA",2017,5541.9,1260516,7405.44,2162,28775,68701,5769945,870187,37554,204952,4684,8143154,3766880,2653.93308013457,76403,76403,41107,117510,33080,215.2868489,53,2661655
"189","PA",2018,8304.66,1278056,7060.704,2162,38799,78545,6632662,872749,36963,220486,5111,9040917,3933425,2664.5488124551,81527,81527,39520,121047,32473,220.1938915,57,10494432
"190","PA",2019,5585.58,1250902,8168.328,2162,31195,68176,7296205,869084,37362,201783,5873,9655336,3818814,2675.20700770492,78020,78020,35453,113473,28946,218.7358219,58,2943270
"191","RI",2015,92.82,462630.449914821,34110.1492871846,57,29,477,855666.773047171,222545.330255614,457808.497093702,4886,298,4886,202693,2685.90783573574,2146,2146,2170,4315,94,10.80452453,11,671306
"192","RI",2016,131.04,464480.97171448,34246.5898843333,57,20,771,859089.44013936,223435.511576636,459639.731082076,4700,450,4700,185173,2696.65146707869,1688,1688,2110,3799,245,9.588941638,10,489512
"193","RI",2017,158.34,466338.895601338,34383.5762438707,57,22,2129,862525.797899917,224329.253622943,461478.290006405,5967,679,5967,182325,2707.438072947,1645,1645,2037,3682,1372,9.965275351,12,547069
"194","RI",2018,305.76,468204.251183743,34521.1105488462,57,37,2710,865975.901091517,225226.570637435,463324.20316643,6663,1173,6663,195556,2718.26782523879,1511,1511,2136,3647,1444,11.05692381,15,661136
"195","RI",2019,546,470077.068188478,34659.1949910415,57,32,4057,869439.804695883,226127.476919984,465177.499979096,8797,2131,8797,190581,2729.14089653974,2075,2075,2120,4194,1836,10.36524019,17,8838243
"196","SC",2015,327.6,471957.376461232,34797.8317710057,648,23897,24686,872917.563914666,555909,467038.209979012,128618,140,684526,1663373,2740.0574601259,98906,98906,4698,103604,52547.4818842667,73.39880613,60,3065630
"197","SC",2016,5064.29289468676,473845.205967077,34937.0230980897,648,20551,21612,876409.234170325,583883,468906.362818928,131043,412,714927,1658202,6011,104947,98936,4484,109432,52757.6718118038,72.25720541,77,22430291
"198","SC",2017,5084.55006626551,475740.586790946,35076.7711904821,648,16906,19592,879914.871107006,568390,470781.988270204,132533,2037,700923,1647778,5951,108601,102650,4340,112941,52968.702499051,69.96242998,84,68063288
"199","SC",2018,5104.88826653057,477643.549138109,35217.078275244,648,27437,35034,883434.530591434,551151,472665.116223285,147096,6949,698247,1675118,6992,107525,100533,4537,112062,53180.5773090472,74.14674879,123,64580916
"200","SC",2019,5125.30781959669,479554.123334662,35357.946588345,648,26503,37758,886968.2687138,585828,474555.776688178,149844,10607,735672,1640751,8179,107922,99742,4164,112086,53393.2996182834,69.44598066,49,53928982
"201","SD",2015,5145.80905087508,481472.339828,85092.336,1868,45202,70354,614,227031.986827664,9507,225499,10,235620,389999,2751.01768996641,2545,2545,424,2968,23274,14.13943764,63,3577721
"202","SD",2016,5166.39228707858,483398.229187312,86266.992,1868,44365,80538,511,227940.114774975,8045,237289,15,245846,388097,2762.02176072627,2146,2146,519,2665,34290,14.80376576,32,76031784
"203","SD",2017,5187.0578562269,485331.822104062,90011.208,1868,48419,77574,531,228851.875234075,7463,241029,32,249023,394141,2773.06984776918,2116,2116,544,2660,27255,14.65586638,18,3225820
"204","SD",2018,5207.8060876518,487273.149392478,92526.504,1868,57048,84755,494,229767.282735011,7264,254033,29,261791,406677,2784.16212716025,3218,3218,575,3793,25810,15.52399536,38,3826069
"205","SD",2019,5228.63731200241,489222.241990048,91958.328,1868,70484,97224,450,230686.351865951,6644,264674,33,271768,405954,2795.2987756689,2807,2807,543,3350,24839,15.97796876,21,538508
"206","TN",2015,185.64,23192,13230.84,213,89288,91221,4959,261037,1692,182019,1294,472899,2179722,2806.47997077157,61479,61479,5474,66953,427,98.70392565,104,3275928
"207","TN",2016,251.16,16596,14137.368,213,62538,64645,4180,309357,1471,154183,1546,485787,2207227,2817.70589065466,58624,58624,5411,64036,348,101.3548028,60,1102457
"208","TN",2017,245.7,11168,14220.36,213,80071,82362,3515,332779,1551,166421,1679,515435,2145679,2828.97671421728,52821,52821,5589,58411,399,97.40767095,28,889496
"209","TN",2018,2735.46,5922,13968.192,213,93705,96669,3737,378224,1198,186147,2378,575228,2233190,134,56329,56195,5446,61775,373,93.83598219,31,4038180
"210","TN",2019,4045.86,11341,13655.376,213,90206,94526,3221,372992,1202,181028,3769,569785,2171765,1606,54487,52880,3625,58111,338,92.23669942,45,6964195
"211","TX",2015,19071.78,471257,26305.272,2478,8913,435590,9392314,411571,7213013,583008,6397,18071163,12757827,2840.29262107415,54367,54367,27029,81397,417802,655.1432269,110,2671308
"212","TX",2016,23030.28,515707,27132,2478,12389,556938,8659990,440109,6683754,709194,10946,17008753,12986076,2851.65379155844,53208,53208,27667,80874,531124,656.7493464,176,83607077
"213","TX",2017,25438.14,474274,27652.296,2478,9784,655250,8735219,403523,7297941,810455,25155,17721412,13173303,2863.06040672468,55169,55169,25328,80497,617833,664.9673475,219,98254981
"214","TX",2018,29533.14,328812,26385.072,2478,10255,738209,9776991,430597,9181148,901492,36299,20619040,14009870,2874.51264835157,59316,59316,27387,86703,689177,684.6895943,261,46570295
"215","TX",2019,27824.16,308449,22870.68,2478,13139,808642,11323138,431234,10608326,963581,48385,23634727,14234096,5532,64868,59336,21569,86437,744639,683.2325698,122,9605822
"216","UT",2015,10.92,325216,35499.3783746984,4811,7164,18788,461219,231609.097273415,212307,23993,980,1022734,798313,2886.01069894498,3765,3765,1430,5195,5833,63.61302159,80,1243588
"217","UT",2016,5249.55186125042,310453,35641.3758881972,5287,7012,31057,401909,232535.533662509,174681,36562,11167,923606,807711,2897.55474174076,3981,3981,1523,5504,7591,58.82516698,114,612804
"218","UT",2017,5270.55006869542,317768,35783.94139175,5239,11919,48162,346868,233465.675797159,197089,53282,23097,915007,827453,2909.14496070772,3910,3910,1211,5120,7907,59.03113555,56,15437033
"219","UT",2018,5291.6322689702,305328,35927.077157317,4866,8440,44435,326320,234399.538500347,211790,50358,23895,893795,844319,2920.78154055055,4963,4963,959,5922,7234,61.24871623,41,668749
"220","UT",2019,5312.79879804608,326024,36070.7854659462,3572,7793,42278,299544,235337.136654349,210450,48225,23623,884243,855124,2932.46466671276,5028,5028,919,5947,7290,61.50322731,71,448561
"221","VA",2015,262.08,365832,3230.304,1701,10795,13300,134220,293455,63,137589,803,931160,2440821,2944.19452537961,97882,97882,20371,118254,53606.8728167565,107.6199041,31,2446464
"222","VA",2016,431.34,335590,1793.904,1701,13585,16391,126663,310966,40,139807,1105,913066,2420341,7829,100463,92635,19320,119784,53821.3003080235,110.0640459,49,853133
"223","VA",2017,442.26,343642,4037.88,1701,10285,16020,121571,319562,40,140979,4034,925794,2401427,7750,101834,94084,15470,117304,54036.5855092556,105.5838769,35,5764689
"224","VA",2018,704.34,318949,3466.512,1701,16067,26009,117273,305826,29,159914,8240,901990,2501044,8740,106680,97941,20327,127007,54252.7318512927,110.0554883,37,2735678
"225","VA",2019,327.6,320290,296.856,1701,13529,25398,111869,308013,34,142651,10167,882858,2460902,8715,97967,89252,18433,116400,54469.7427786978,106.76702,34,4195235
"226","VT",2015,5334.04999323827,491179.130958008,36215.06860781,29,10619,14724,890516.141788655,236278.485200966,476453.999794931,38784,1044,38784,140546,2955.97130348113,23753,23753,307,24060,3032,6.126831312,33,47317173
"227","VT",2016,5355.38619321122,493143.84748184,36359.9288822412,29,9948,14000,894078.20635581,237223.59914177,478359.815794111,35637,1335,35637,135276,2967.79518869505,21418,21418,220,21638,2688,5.913477445,37,873689
"228","VT",2017,5376.80773798407,495116.422871767,36505.3685977702,29,11796,16668,897654.519181233,238172.493538337,480273.255057287,37792,2029,37792,134076,2979.66636944983,20957,20957,167,21124,2814,5.831030624,23,4591717
"229","VT",2018,5398.314968936,497096.888563255,36651.3900721613,29,11546,17225,901245.137257958,239125.18351249,482194.348077516,41553,2252,41553,138642,2991.58503492763,24190,24190,137,24327,3399,5.854279866,23,493740
"230","VT",2019,5419.90822881175,499085.276117508,36797.9956324499,29,11906,18063,904850.11780699,240081.68424654,484123.125469826,40997,2767,40997,136905,3003.55137506734,22287,22287,646,22933,3361,6.020390617,27,1121855
"231","WA",2015,7289.1,501081.617221978,36945.1876149797,1136,684060,751781,908469.518278218,85347,486059.617971706,872328,649,957675,1995985,3015.56558056761,104876,104876,8421,113296,65936,75.13711456,109,1978193
"232","WA",2016,8413.86,503085.943690865,37092.9683654397,1136,723289,799624,912103.396351331,100674,488003.856443592,930780,957,1031454,2056396,3027.62784288988,114342,114342,8441,122783,74242,79.4036955,127,2515938
"233","WA",2017,9249.24,505098.287465629,37241.3402389014,1136,757151,823289,915751.809936736,85013,489955.871869367,950220,1201,1035233,2075340,3039.73835426144,109704,109704,8023,117726,63801,79.11865344,104,6910234
"234","WA",2018,10101,507118.680615491,37390.305599857,1136,736362,810926,919414.817176483,101502,491915.695356844,937724,1506,1039226,2054390,3051.89730767849,109222,109222,7526,116749,71922,78.65855426,104,3061489
"235","WA",2019,9871.68,509147.155337953,37539.8668222565,1136,587893,650831,923092.476445189,92584,493883.358138272,779076,2341,871660,2078663,3064.1048969092,110500,110500,7919,118419,59461,84.16948233,88,18389113
"236","WI",2015,2626.26,511183.743959305,42964.32,615,21813,37744,926784.84635097,104666,495858.891570825,223881,505,328547,1814408,3076.36131649684,97353,97353,9334,106687,14811,99.85701526,107,3755629
"237","WI",2016,3259.62,513228.478935142,44135.784,615,25806,40993,930491.985736374,106173,497842.327137108,224249,583,330423,1801012,3088.66676176282,91748,91748,9430,101178,13989,95.6153185,80,7777098
"238","WI",2017,1905.54,515281.392850883,45750.936,615,24481,41165,934213.953679319,100919,499833.696445656,224172,953,325091,1817947,3101.02142880988,90051,90051,9333,99384,15116,98.64308793,95,2622475
"239","WI",2018,2970.24,517342.518422287,48240.696,615,21777,38588,937950.809494036,105900,501833.031231439,232096,1287,337996,1896601,3113.42551452511,95231,95231,9044,104275,14909,101.1727696,75,2067441
"240","WI",2019,3510.78,519411.888495976,47880,615,23518,42338,941702.612732013,104736,503840.363356365,232452,1483,337188,1847846,3125.87921658322,92350,92350,8831,101181,16722,94.82242355,103,2915140
"241","WV",2015,5441.58786172699,2447181,37690.0262895455,32,12907,25858,1562536,241042.010983527,66157,37954,93,4113828,768657,3138.38273344955,11941,11941,155,12096,12825,91.96307825,69,491426
"242","WV",2016,5463.3542131739,2041073,37840.7863947037,32,15124,28482,1667404,242006.179027461,43693,39653,104,3791823,762366,3150.93626438335,11081,11081,90,11171,13222,94.48890006,54,614068
"243","WV",2017,5485.2076300266,2390309,37992.1495402825,32,15280,30937,1836375,242974.20374357,49372,41643,126,4317700,753016,3163.54000944088,10632,10632,75,10706,15499,90.84162772,88,673413
"244","WV",2018,5507.1484605467,2468639,38144.1181384436,32,16821,33107,2159553,243946.100558545,72689,45418,140,4746299,831311,3176.19416947864,12087,12087,225,12311,16114,89.14479553,48,946699
"245","WV",2019,5529.17705438889,2422224,38296.6946109974,32,15192,29912,2598072,244921.884960779,98325,41973,163,5160593,829454,3188.89894615656,11833,11833,227,12060,14525,85.44599619,44,790383
"246","WY",2015,5551.29376260645,6538240,667.128,663,8091,43791,1998295,245901.572500622,494355,49887,27,9080777,507121,3201.65454194118,4904,4904,2,4905,35009,64.09286316,18,249960
"247","WY",2016,5573.49893765687,5169939,38449.8813894414,663,8987,50206,1878141,246885.178790625,415795,54565,33,7518440,504984,3214.46116010895,4357,4357,2,4358,40522,61.25999315,23,1359346
"248","WY",2017,5595.7929334075,5516757,38603.6809149991,663,10352,50867,1788258,247872.719505787,433655,55916,45,7794586,534840,3227.31900474938,5049,5049,9770.296,5049,39806,62.79648656,47,413987
"249","WY",2018,5618.17610514113,5315953,38758.0956386591,663,8883,46550,1842525,248864.21038381,502031,51483,67,7711992,557604,3240.22828076838,4934,4934,9809.377184,4934,36936,63.84608066,53,573639
"250","WY",2019,5640.64880956169,4828513,38913.1280212138,663,8838,48259,1684374,249859.667225345,582170,53228,1688,7148285,546671,3253.18919389146,4969,4969,9848.614692736,4969,37070,59.09664881,32,570570
